source,report_title,report_url,file_type,retrieved_at_utc,source_url
cea_executive_summary,Citizen Charter,https://cea.nic.in/wp-content/uploads/2021/03/__to_Director_Administration_CEA.pdf,pdf,2026-10-01T02:48:51+00:00,https://cea.nic.in/executive-summary-report/?lang=en
cea_executive_summary,Captive Power Plant Generation,https://cea.nic.in/wp-content/uploads/ps___lf/2023/02/Volume_I_Report_of_20th_Electric_Power_Survey.pdf,pdf,2026-10-01T02:48:51+00:00,https://cea.nic.in/executive-summary-report/?lang=en
cea_executive_summary,Electricity Act 2003,https://cea.nic.in/wp-content/uploads/legal_affairs/2020/09/The%20Electricity%20Act_2003.pdf,pdf,2026-10-01T02:48:51+00:00,https://cea.nic.in/executive-summary-report/?lang=en
cea_executive_summary,,https://cea.nic.in/wp-content/uploads/executive/2026/07/Executive_Summary_July_2026_Actual.pdf,pdf,2026-10-01T02:48:51+00:00,https://cea.nic.in/executive-summary-report/?lang=en
cea_executive_summary,,https://cea.nic.in/wp-content/uploads/executive/2026/07/Executive_Summary_July_2026_Actual.pdf,pdf,2026-10-01T02:48:51+00:00,https://cea.nic.in/executive-summary-report/?lang=en
cea_executive_summary,Publications,https://cea.nic.in/wp-content/uploads/2021/03/publications_12.07.2021.pdf,pdf,2026-10-01T02:48:51+00:00,https://cea.nic.in/executive-summary-report/?lang=en
cea_installed_capacity,Citizen Charter,https://cea.nic.in/wp-content/uploads/2021/03/__to_Director_Administration_CEA.pdf,pdf,2026-10-01T02:48:53+00:00,https://cea.nic.in/installed-capacity-report/?lang=en
cea_installed_capacity,Captive Power Plant Generation,https://cea.nic.in/wp-content/uploads/ps___lf/2023/02/Volume_I_Report_of_20th_Electric_Power_Survey.pdf,pdf,2026-10-01T02:48:53+00:00,https://cea.nic.in/installed-capacity-report/?lang=en
cea_installed_capacity,Electricity Act 2003,https://cea.nic.in/wp-content/uploads/legal_affairs/2020/09/The%20Electricity%20Act_2003.pdf,pdf,2026-10-01T02:48:53+00:00,https://cea.nic.in/installed-capacity-report/?lang=en
cea_installed_capacity,,https://cea.nic.in/wp-content/uploads/installed/2026/08/IC_Aug_2026.pdf,pdf,2026-10-01T02:48:53+00:00,https://cea.nic.in/installed-capacity-report/?lang=en
cea_installed_capacity,,https://cea.nic.in/wp-content/uploads/installed/2026/08/IC_Aug_2026.pdf,pdf,2026-10-01T02:48:53+00:00,https://cea.nic.in/installed-capacity-report/?lang=en
cea_installed_capacity,,https://cea.nic.in/wp-content/uploads/installed/2026/08/IC_allocation_as_on_31.08.2026.xlsx,xlsx,2026-10-01T02:48:53+00:00,https://cea.nic.in/installed-capacity-report/?lang=en
cea_installed_capacity,,https://view.officeapps.live.com/op/embed.aspx?src=https://cea.nic.in/wp-content/uploads/installed/2026/08/IC_allocation_as_on_31.08.2026.xlsx,xlsx,2026-10-01T02:48:53+00:00,https://cea.nic.in/installed-capacity-report/?lang=en
cea_installed_capacity,Publications,https://cea.nic.in/wp-content/uploads/2021/03/publications_12.07.2021.pdf,pdf,2026-10-01T02:48:53+00:00,https://cea.nic.in/installed-capacity-report/?lang=en
cea_transmission_reports,Citizen Charter,https://cea.nic.in/wp-content/uploads/2021/03/__to_Director_Administration_CEA.pdf,pdf,2026-10-01T02:48:54+00:00,https://cea.nic.in/transmission-reports/?lang=en
cea_transmission_reports,Captive Power Plant Generation,https://cea.nic.in/wp-content/uploads/ps___lf/2023/02/Volume_I_Report_of_20th_Electric_Power_Survey.pdf,pdf,2026-10-01T02:48:54+00:00,https://cea.nic.in/transmission-reports/?lang=en
cea_transmission_reports,Electricity Act 2003,https://cea.nic.in/wp-content/uploads/legal_affairs/2020/09/The%20Electricity%20Act_2003.pdf,pdf,2026-10-01T02:48:54+00:00,https://cea.nic.in/transmission-reports/?lang=en
cea_transmission_reports,,https://cea.nic.in/wp-content/uploads/transmission/2026/08/SS_Commissioned_during_FY_2026_27_till_August_2026-1.pdf,pdf,2026-10-01T02:48:54+00:00,https://cea.nic.in/transmission-reports/?lang=en
cea_transmission_reports,,https://cea.nic.in/wp-content/uploads/transmission/2026/08/SS_Commissioned_during_FY_2026_27_till_August_2026-1.pdf,pdf,2026-10-01T02:48:54+00:00,https://cea.nic.in/transmission-reports/?lang=en
cea_transmission_reports,,https://cea.nic.in/wp-content/uploads/transmission/2026/08/SS_Commissioned_during_August_2026-1.pdf,pdf,2026-10-01T02:48:54+00:00,https://cea.nic.in/transmission-reports/?lang=en
cea_transmission_reports,,https://cea.nic.in/wp-content/uploads/transmission/2026/08/SS_Commissioned_during_August_2026-1.pdf,pdf,2026-10-01T02:48:54+00:00,https://cea.nic.in/transmission-reports/?lang=en
cea_transmission_reports,,https://cea.nic.in/wp-content/uploads/transmission/2026/08/SS_ES_August_2026-1.pdf,pdf,2026-10-01T02:48:54+00:00,https://cea.nic.in/transmission-reports/?lang=en
cea_transmission_reports,,https://cea.nic.in/wp-content/uploads/transmission/2026/08/SS_ES_August_2026-1.pdf,pdf,2026-10-01T02:48:54+00:00,https://cea.nic.in/transmission-reports/?lang=en
cea_transmission_reports,,https://cea.nic.in/wp-content/uploads/transmission/2026/08/SS_GS_August__2026-1.pdf,pdf,2026-10-01T02:48:54+00:00,https://cea.nic.in/transmission-reports/?lang=en
cea_transmission_reports,,https://cea.nic.in/wp-content/uploads/transmission/2026/08/SS_GS_August__2026-1.pdf,pdf,2026-10-01T02:48:54+00:00,https://cea.nic.in/transmission-reports/?lang=en
cea_transmission_reports,,https://cea.nic.in/wp-content/uploads/transmission/2026/08/TL_Commissioned_during_FY_2026_27_till_August_2026-1.pdf,pdf,2026-10-01T02:48:54+00:00,https://cea.nic.in/transmission-reports/?lang=en
cea_transmission_reports,,https://cea.nic.in/wp-content/uploads/transmission/2026/08/TL_Commissioned_during_FY_2026_27_till_August_2026-1.pdf,pdf,2026-10-01T02:48:54+00:00,https://cea.nic.in/transmission-reports/?lang=en
cea_transmission_reports,,https://cea.nic.in/wp-content/uploads/transmission/2026/08/TL_Commissioned_during_August_2026-1.pdf,pdf,2026-10-01T02:48:54+00:00,https://cea.nic.in/transmission-reports/?lang=en
cea_transmission_reports,,https://cea.nic.in/wp-content/uploads/transmission/2026/08/TL_Commissioned_during_August_2026-1.pdf,pdf,2026-10-01T02:48:54+00:00,https://cea.nic.in/transmission-reports/?lang=en
cea_transmission_reports,,https://cea.nic.in/wp-content/uploads/transmission/2026/08/TL_ES_August_2026-1.pdf,pdf,2026-10-01T02:48:54+00:00,https://cea.nic.in/transmission-reports/?lang=en
cea_transmission_reports,,https://cea.nic.in/wp-content/uploads/transmission/2026/08/TL_ES_August_2026-1.pdf,pdf,2026-10-01T02:48:54+00:00,https://cea.nic.in/transmission-reports/?lang=en
cea_transmission_reports,,https://cea.nic.in/wp-content/uploads/transmission/2026/08/TL_GS_August__2026-1.pdf,pdf,2026-10-01T02:48:54+00:00,https://cea.nic.in/transmission-reports/?lang=en
cea_transmission_reports,,https://cea.nic.in/wp-content/uploads/transmission/2026/08/TL_GS_August__2026-1.pdf,pdf,2026-10-01T02:48:54+00:00,https://cea.nic.in/transmission-reports/?lang=en
cea_transmission_reports,,https://cea.nic.in/wp-content/uploads/transmission/2026/08/CFS_August_2026.pdf,pdf,2026-10-01T02:48:54+00:00,https://cea.nic.in/transmission-reports/?lang=en
cea_transmission_reports,,https://cea.nic.in/wp-content/uploads/transmission/2026/08/CFS_August_2026.pdf,pdf,2026-10-01T02:48:54+00:00,https://cea.nic.in/transmission-reports/?lang=en
cea_transmission_reports,,https://cea.nic.in/wp-content/uploads/transmission/2026/08/UC_RTM_report-1.pdf,pdf,2026-10-01T02:48:54+00:00,https://cea.nic.in/transmission-reports/?lang=en
cea_transmission_reports,,https://cea.nic.in/wp-content/uploads/transmission/2026/08/UC_RTM_report-1.pdf,pdf,2026-10-01T02:48:54+00:00,https://cea.nic.in/transmission-reports/?lang=en
cea_transmission_reports,,https://cea.nic.in/wp-content/uploads/transmission/2026/08/Comm_TBCB_report-1.pdf,pdf,2026-10-01T02:48:54+00:00,https://cea.nic.in/transmission-reports/?lang=en
cea_transmission_reports,,https://cea.nic.in/wp-content/uploads/transmission/2026/08/Comm_TBCB_report-1.pdf,pdf,2026-10-01T02:48:54+00:00,https://cea.nic.in/transmission-reports/?lang=en
cea_transmission_reports,,https://cea.nic.in/wp-content/uploads/transmission/2026/08/UC_TBCB_report.pdf,pdf,2026-10-01T02:48:54+00:00,https://cea.nic.in/transmission-reports/?lang=en
cea_transmission_reports,,https://cea.nic.in/wp-content/uploads/transmission/2026/08/UC_TBCB_report.pdf,pdf,2026-10-01T02:48:54+00:00,https://cea.nic.in/transmission-reports/?lang=en
cea_transmission_reports,Publications,https://cea.nic.in/wp-content/uploads/2021/03/publications_12.07.2021.pdf,pdf,2026-10-01T02:48:54+00:00,https://cea.nic.in/transmission-reports/?lang=en
cea_power_supply,Citizen Charter,https://cea.nic.in/wp-content/uploads/2021/03/__to_Director_Administration_CEA.pdf,pdf,2026-10-01T02:48:56+00:00,https://cea.nic.in/power-supply/?lang=en
cea_power_supply,Captive Power Plant Generation,https://cea.nic.in/wp-content/uploads/ps___lf/2023/02/Volume_I_Report_of_20th_Electric_Power_Survey.pdf,pdf,2026-10-01T02:48:56+00:00,https://cea.nic.in/power-supply/?lang=en
cea_power_supply,Electricity Act 2003,https://cea.nic.in/wp-content/uploads/legal_affairs/2020/09/The%20Electricity%20Act_2003.pdf,pdf,2026-10-01T02:48:56+00:00,https://cea.nic.in/power-supply/?lang=en
cea_power_supply,,https://cea.nic.in/wp-content/uploads/power_supply/2026/08/Allocation_as_on_31.08.2026.pdf,pdf,2026-10-01T02:48:56+00:00,https://cea.nic.in/power-supply/?lang=en
cea_power_supply,,https://cea.nic.in/wp-content/uploads/power_supply/2026/08/Allocation_as_on_31.08.2026.pdf,pdf,2026-10-01T02:48:56+00:00,https://cea.nic.in/power-supply/?lang=en
cea_power_supply,,https://cea.nic.in/wp-content/uploads/power_supply/2026/08/PSP_August26_RevisedE.pdf,pdf,2026-10-01T02:48:56+00:00,https://cea.nic.in/power-supply/?lang=en
cea_power_supply,,https://cea.nic.in/wp-content/uploads/power_supply/2026/08/PSP_August26_RevisedE.pdf,pdf,2026-10-01T02:48:56+00:00,https://cea.nic.in/power-supply/?lang=en
cea_power_supply,,https://cea.nic.in/wp-content/uploads/power_supply/2026/08/PSP_August26_RevisedP.pdf,pdf,2026-10-01T02:48:56+00:00,https://cea.nic.in/power-supply/?lang=en
cea_power_supply,,https://cea.nic.in/wp-content/uploads/power_supply/2026/08/PSP_August26_RevisedP.pdf,pdf,2026-10-01T02:48:56+00:00,https://cea.nic.in/power-supply/?lang=en
cea_power_supply,Publications,https://cea.nic.in/wp-content/uploads/2021/03/publications_12.07.2021.pdf,pdf,2026-10-01T02:48:56+00:00,https://cea.nic.in/power-supply/?lang=en
cea_renewable_generation,Citizen Charter,https://cea.nic.in/wp-content/uploads/2021/03/__to_Director_Administration_CEA.pdf,pdf,2026-10-01T02:48:57+00:00,https://cea.nic.in/renewable-generation-report/?lang=en
cea_renewable_generation,Captive Power Plant Generation,https://cea.nic.in/wp-content/uploads/ps___lf/2023/02/Volume_I_Report_of_20th_Electric_Power_Survey.pdf,pdf,2026-10-01T02:48:57+00:00,https://cea.nic.in/renewable-generation-report/?lang=en
cea_renewable_generation,Electricity Act 2003,https://cea.nic.in/wp-content/uploads/legal_affairs/2020/09/The%20Electricity%20Act_2003.pdf,pdf,2026-10-01T02:48:57+00:00,https://cea.nic.in/renewable-generation-report/?lang=en
cea_renewable_generation,,https://cea.nic.in/wp-content/uploads/resd/2026/08/Monthly_RE_Generation_report_August_2026.pdf,pdf,2026-10-01T02:48:57+00:00,https://cea.nic.in/renewable-generation-report/?lang=en
cea_renewable_generation,,https://cea.nic.in/wp-content/uploads/resd/2026/08/Monthly_RE_Generation_report_August_2026.pdf,pdf,2026-10-01T02:48:57+00:00,https://cea.nic.in/renewable-generation-report/?lang=en
cea_renewable_generation,,https://cea.nic.in/wp-content/uploads/resd/2026/08/RE_Monthly_Generation_report_August_2026.xlsx,xlsx,2026-10-01T02:48:57+00:00,https://cea.nic.in/renewable-generation-report/?lang=en
cea_renewable_generation,,https://view.officeapps.live.com/op/embed.aspx?src=https://cea.nic.in/wp-content/uploads/resd/2026/08/RE_Monthly_Generation_report_August_2026.xlsx,xlsx,2026-10-01T02:48:57+00:00,https://cea.nic.in/renewable-generation-report/?lang=en
cea_renewable_generation,Publications,https://cea.nic.in/wp-content/uploads/2021/03/publications_12.07.2021.pdf,pdf,2026-10-01T02:48:57+00:00,https://cea.nic.in/renewable-generation-report/?lang=en
