source,source_url,technology_raw,cumulative_mw,cumulative_gw,current_year_addition_mw,current_year_addition_gw,retrieved_at_utc
MNRE physical progress,https://mnre.gov.in/en/physical-progress/,Installed RE Capacity (Capacities in MW),,,,,2026-10-10T03:03:54+00:00
MNRE physical progress,https://mnre.gov.in/en/physical-progress/,Solar Power*,171051.46,171.0515,3011.41,3.0114,2026-10-10T03:03:54+00:00
MNRE physical progress,https://mnre.gov.in/en/physical-progress/,Wind Power,59201.07,59.2011,680.75,0.6807,2026-10-10T03:03:54+00:00
MNRE physical progress,https://mnre.gov.in/en/physical-progress/,Biomass (Bagasse) Cogeneration,9821.32,9.8213,,,2026-10-10T03:03:54+00:00
MNRE physical progress,https://mnre.gov.in/en/physical-progress/,Biomass(non-bagasse)Cogeneration,1047.85,1.0478,,,2026-10-10T03:03:54+00:00
MNRE physical progress,https://mnre.gov.in/en/physical-progress/,Waste to Energy,324.24,0.3242,,,2026-10-10T03:03:54+00:00
MNRE physical progress,https://mnre.gov.in/en/physical-progress/,Waste to Energy (off-grid),554.16,0.5542,,,2026-10-10T03:03:54+00:00
MNRE physical progress,https://mnre.gov.in/en/physical-progress/,Small Hydro Power,5181.76,5.1818,,,2026-10-10T03:03:54+00:00
MNRE physical progress,https://mnre.gov.in/en/physical-progress/,Sub Total (Exc. Large Hydro),247181.86,247.1819,3692.16,3.6922,2026-10-10T03:03:54+00:00
MNRE physical progress,https://mnre.gov.in/en/physical-progress/,Large Hydro^,52064.67,52.0647,,,2026-10-10T03:03:54+00:00
MNRE physical progress,https://mnre.gov.in/en/physical-progress/,Total RE,299246.53,299.2465,3692.16,3.6922,2026-10-10T03:03:54+00:00
MNRE physical progress,https://mnre.gov.in/en/physical-progress/,Nuclear Power#,8780.0,8.78,,,2026-10-10T03:03:54+00:00
MNRE physical progress,https://mnre.gov.in/en/physical-progress/,Total Non-Fossil,308026.53,308.0265,3692.16,3.6922,2026-10-10T03:03:54+00:00
